-- phpMyAdmin SQL Dump
-- version 4.8.5
-- https://www.phpmyadmin.net/
--
-- Servidor: 127.0.0.1
-- Tiempo de generación: 29-04-2023 a las 03:52:10
-- Versión del servidor: 10.1.39-MariaDB
-- Versión de PHP: 7.3.5

SET SQL_MODE = "NO_AUTO_VALUE_ON_ZERO";
SET AUTOCOMMIT = 0;
START TRANSACTION;
SET time_zone = "+00:00";


/*!40101 SET @OLD_CHARACTER_SET_CLIENT=@@CHARACTER_SET_CLIENT */;
/*!40101 SET @OLD_CHARACTER_SET_RESULTS=@@CHARACTER_SET_RESULTS */;
/*!40101 SET @OLD_COLLATION_CONNECTION=@@COLLATION_CONNECTION */;
/*!40101 SET NAMES utf8mb4 */;

--
-- Base de datos: `spotify`
--

-- --------------------------------------------------------

--
-- Estructura de tabla para la tabla `albumes`
--

CREATE TABLE `albumes` (
  `id` int(11) NOT NULL,
  `artista_id` int(11) NOT NULL,
  `nombre` varchar(150) NOT NULL
) ENGINE=InnoDB DEFAULT CHARSET=utf8;

--
-- Volcado de datos para la tabla `albumes`
--

INSERT INTO `albumes` (`id`, `artista_id`, `nombre`) VALUES
(7, 1, ''),
(8, 2, 'starboy'),
(9, 3, 'reputation'),
(10, 1, 'damn');

-- --------------------------------------------------------

--
-- Estructura de tabla para la tabla `album_canciones`
--

CREATE TABLE `album_canciones` (
  `id` int(11) NOT NULL,
  `album_id` int(11) NOT NULL,
  `cancion_id` int(11) NOT NULL
) ENGINE=InnoDB DEFAULT CHARSET=utf8;

--
-- Volcado de datos para la tabla `album_canciones`
--

INSERT INTO `album_canciones` (`id`, `album_id`, `cancion_id`) VALUES
(1, 10, 7),
(2, 9, 8);

-- --------------------------------------------------------

--
-- Estructura de tabla para la tabla `artistas`
--

CREATE TABLE `artistas` (
  `id` int(11) NOT NULL,
  `nombre` varchar(100) NOT NULL,
  `imagen` varchar(150) NOT NULL
) ENGINE=InnoDB DEFAULT CHARSET=utf8;

--
-- Volcado de datos para la tabla `artistas`
--

INSERT INTO `artistas` (`id`, `nombre`, `imagen`) VALUES
(1, 'kendrick lamar', 'foto.jpg'),
(2, 'the weeknd', 'findesemana.jpg'),
(3, 'taylor swift', 'guera.jpg');

-- --------------------------------------------------------

--
-- Estructura de tabla para la tabla `canciones`
--

CREATE TABLE `canciones` (
  `id` int(11) NOT NULL,
  `nombre` varchar(100) NOT NULL,
  `artista_id` int(11) NOT NULL,
  `duracion` time NOT NULL,
  `genero_id` int(11) NOT NULL,
  `fecha` date NOT NULL,
  `disponible` tinyint(1) NOT NULL
) ENGINE=InnoDB DEFAULT CHARSET=utf8;

--
-- Volcado de datos para la tabla `canciones`
--

INSERT INTO `canciones` (`id`, `nombre`, `artista_id`, `duracion`, `genero_id`, `fecha`, `disponible`) VALUES
(7, 'feel', 1, '00:03:34', 2, '2015-04-17', 1),
(8, 'don\'t blade me', 3, '00:03:50', 1, '2017-11-10', 0),
(9, 'Astroboy', 2, '00:03:46', 3, '2023-04-04', 1);

-- --------------------------------------------------------

--
-- Estructura de tabla para la tabla `favoritas`
--

CREATE TABLE `favoritas` (
  `id` int(11) NOT NULL,
  `usuario_id` int(11) NOT NULL,
  `cancion_id` int(11) NOT NULL
) ENGINE=InnoDB DEFAULT CHARSET=utf8;

--
-- Volcado de datos para la tabla `favoritas`
--

INSERT INTO `favoritas` (`id`, `usuario_id`, `cancion_id`) VALUES
(1, 1, 7),
(2, 2, 8);

-- --------------------------------------------------------

--
-- Estructura de tabla para la tabla `generos`
--

CREATE TABLE `generos` (
  `id` int(11) NOT NULL,
  `nombre` varchar(30) NOT NULL
) ENGINE=InnoDB DEFAULT CHARSET=utf8;

--
-- Volcado de datos para la tabla `generos`
--

INSERT INTO `generos` (`id`, `nombre`) VALUES
(1, 'pop'),
(2, 'rap'),
(3, 'electronica');

-- --------------------------------------------------------

--
-- Estructura de tabla para la tabla `membresia`
--

CREATE TABLE `membresia` (
  `id` int(11) NOT NULL,
  `nombre` varchar(100) NOT NULL,
  `precio` double NOT NULL
) ENGINE=InnoDB DEFAULT CHARSET=utf8;

--
-- Volcado de datos para la tabla `membresia`
--

INSERT INTO `membresia` (`id`, `nombre`, `precio`) VALUES
(1, 'Estudiante', 75),
(2, 'Familiar', 225),
(3, 'individual', 115);

-- --------------------------------------------------------

--
-- Estructura de tabla para la tabla `playlist`
--

CREATE TABLE `playlist` (
  `id` int(11) NOT NULL,
  `nombre` varchar(100) NOT NULL,
  `imagen` varchar(150) NOT NULL,
  `usuario_id` int(11) NOT NULL
) ENGINE=InnoDB DEFAULT CHARSET=utf8;

--
-- Volcado de datos para la tabla `playlist`
--

INSERT INTO `playlist` (`id`, `nombre`, `imagen`, `usuario_id`) VALUES
(1, 'ghost', 'fanta.jpg', 1),
(2, 'rickyg', 'loco.jpg', 2);

-- --------------------------------------------------------

--
-- Estructura de tabla para la tabla `playlist_canciones`
--

CREATE TABLE `playlist_canciones` (
  `id` int(11) NOT NULL,
  `playlist_id` int(11) NOT NULL,
  `cancion_id` int(11) NOT NULL
) ENGINE=InnoDB DEFAULT CHARSET=utf8;

--
-- Volcado de datos para la tabla `playlist_canciones`
--

INSERT INTO `playlist_canciones` (`id`, `playlist_id`, `cancion_id`) VALUES
(1, 1, 7),
(2, 2, 8);

-- --------------------------------------------------------

--
-- Estructura de tabla para la tabla `usuarios`
--

CREATE TABLE `usuarios` (
  `id` int(11) NOT NULL,
  `nombre` varchar(100) NOT NULL,
  `correo` varchar(100) NOT NULL,
  `contraseña` varchar(100) NOT NULL,
  `usuario` varchar(30) NOT NULL,
  `telefono` varchar(10) NOT NULL,
  `membresia_id` int(11) NOT NULL
) ENGINE=InnoDB DEFAULT CHARSET=utf8;

--
-- Volcado de datos para la tabla `usuarios`
--

INSERT INTO `usuarios` (`id`, `nombre`, `correo`, `contraseña`, `usuario`, `telefono`, `membresia_id`) VALUES
(1, 'ERik', 'eri@gmail.com', 'yo2021', 'ERilokio', '6674813381', 1),
(2, 'rick', 'rickoloso@gmail.com', 'rickloco', 'RickGrimes', '6685947562', 2),
(3, 'Hectors', 'hectorin@gmail.com', 'gymratr', 'gymRAts', '1564789635', 3);

--
-- Índices para tablas volcadas
--

--
-- Indices de la tabla `albumes`
--
ALTER TABLE `albumes`
  ADD PRIMARY KEY (`id`),
  ADD KEY `artista_id` (`artista_id`);

--
-- Indices de la tabla `album_canciones`
--
ALTER TABLE `album_canciones`
  ADD PRIMARY KEY (`id`),
  ADD KEY `album_id` (`album_id`),
  ADD KEY `cancion_id` (`cancion_id`) USING BTREE;

--
-- Indices de la tabla `artistas`
--
ALTER TABLE `artistas`
  ADD PRIMARY KEY (`id`);

--
-- Indices de la tabla `canciones`
--
ALTER TABLE `canciones`
  ADD PRIMARY KEY (`id`),
  ADD KEY `genero_id` (`genero_id`),
  ADD KEY `artista_id` (`artista_id`);

--
-- Indices de la tabla `favoritas`
--
ALTER TABLE `favoritas`
  ADD PRIMARY KEY (`id`),
  ADD KEY `usuario` (`usuario_id`),
  ADD KEY `favoritas_ibfk_1` (`cancion_id`);

--
-- Indices de la tabla `generos`
--
ALTER TABLE `generos`
  ADD PRIMARY KEY (`id`);

--
-- Indices de la tabla `membresia`
--
ALTER TABLE `membresia`
  ADD PRIMARY KEY (`id`);

--
-- Indices de la tabla `playlist`
--
ALTER TABLE `playlist`
  ADD PRIMARY KEY (`id`),
  ADD KEY `usuario_id` (`usuario_id`);

--
-- Indices de la tabla `playlist_canciones`
--
ALTER TABLE `playlist_canciones`
  ADD PRIMARY KEY (`id`),
  ADD KEY `playlist_id` (`playlist_id`),
  ADD KEY `cancion_id` (`cancion_id`);

--
-- Indices de la tabla `usuarios`
--
ALTER TABLE `usuarios`
  ADD PRIMARY KEY (`id`),
  ADD KEY `membresia_id` (`membresia_id`);

--
-- AUTO_INCREMENT de las tablas volcadas
--

--
-- AUTO_INCREMENT de la tabla `albumes`
--
ALTER TABLE `albumes`
  MODIFY `id` int(11) NOT NULL AUTO_INCREMENT, AUTO_INCREMENT=11;

--
-- AUTO_INCREMENT de la tabla `album_canciones`
--
ALTER TABLE `album_canciones`
  MODIFY `id` int(11) NOT NULL AUTO_INCREMENT, AUTO_INCREMENT=3;

--
-- AUTO_INCREMENT de la tabla `artistas`
--
ALTER TABLE `artistas`
  MODIFY `id` int(11) NOT NULL AUTO_INCREMENT, AUTO_INCREMENT=4;

--
-- AUTO_INCREMENT de la tabla `canciones`
--
ALTER TABLE `canciones`
  MODIFY `id` int(11) NOT NULL AUTO_INCREMENT, AUTO_INCREMENT=10;

--
-- AUTO_INCREMENT de la tabla `favoritas`
--
ALTER TABLE `favoritas`
  MODIFY `id` int(11) NOT NULL AUTO_INCREMENT, AUTO_INCREMENT=3;

--
-- AUTO_INCREMENT de la tabla `generos`
--
ALTER TABLE `generos`
  MODIFY `id` int(11) NOT NULL AUTO_INCREMENT, AUTO_INCREMENT=4;

--
-- AUTO_INCREMENT de la tabla `membresia`
--
ALTER TABLE `membresia`
  MODIFY `id` int(11) NOT NULL AUTO_INCREMENT, AUTO_INCREMENT=4;

--
-- AUTO_INCREMENT de la tabla `playlist`
--
ALTER TABLE `playlist`
  MODIFY `id` int(11) NOT NULL AUTO_INCREMENT, AUTO_INCREMENT=3;

--
-- AUTO_INCREMENT de la tabla `playlist_canciones`
--
ALTER TABLE `playlist_canciones`
  MODIFY `id` int(11) NOT NULL AUTO_INCREMENT, AUTO_INCREMENT=3;

--
-- AUTO_INCREMENT de la tabla `usuarios`
--
ALTER TABLE `usuarios`
  MODIFY `id` int(11) NOT NULL AUTO_INCREMENT, AUTO_INCREMENT=4;

--
-- Restricciones para tablas volcadas
--

--
-- Filtros para la tabla `albumes`
--
ALTER TABLE `albumes`
  ADD CONSTRAINT `albumes_ibfk_1` FOREIGN KEY (`artista_id`) REFERENCES `artistas` (`id`);

--
-- Filtros para la tabla `album_canciones`
--
ALTER TABLE `album_canciones`
  ADD CONSTRAINT `album_canciones_ibfk_1` FOREIGN KEY (`cancion_id`) REFERENCES `canciones` (`id`),
  ADD CONSTRAINT `album_canciones_ibfk_2` FOREIGN KEY (`album_id`) REFERENCES `albumes` (`id`);

--
-- Filtros para la tabla `canciones`
--
ALTER TABLE `canciones`
  ADD CONSTRAINT `canciones_ibfk_1` FOREIGN KEY (`genero_id`) REFERENCES `generos` (`id`),
  ADD CONSTRAINT `canciones_ibfk_2` FOREIGN KEY (`artista_id`) REFERENCES `artistas` (`id`);

--
-- Filtros para la tabla `favoritas`
--
ALTER TABLE `favoritas`
  ADD CONSTRAINT `favoritas_ibfk_1` FOREIGN KEY (`cancion_id`) REFERENCES `canciones` (`id`),
  ADD CONSTRAINT `favoritas_ibfk_2` FOREIGN KEY (`usuario_id`) REFERENCES `usuarios` (`id`);

--
-- Filtros para la tabla `playlist`
--
ALTER TABLE `playlist`
  ADD CONSTRAINT `playlist_ibfk_1` FOREIGN KEY (`usuario_id`) REFERENCES `usuarios` (`id`);

--
-- Filtros para la tabla `playlist_canciones`
--
ALTER TABLE `playlist_canciones`
  ADD CONSTRAINT `playlist_canciones_ibfk_1` FOREIGN KEY (`playlist_id`) REFERENCES `playlist` (`id`),
  ADD CONSTRAINT `playlist_canciones_ibfk_2` FOREIGN KEY (`cancion_id`) REFERENCES `canciones` (`id`);

--
-- Filtros para la tabla `usuarios`
--
ALTER TABLE `usuarios`
  ADD CONSTRAINT `usuarios_ibfk_1` FOREIGN KEY (`membresia_id`) REFERENCES `membresia` (`id`);
COMMIT;

/*!40101 SET CHARACTER_SET_CLIENT=@OLD_CHARACTER_SET_CLIENT */;
/*!40101 SET CHARACTER_SET_RESULTS=@OLD_CHARACTER_SET_RESULTS */;
/*!40101 SET COLLATION_CONNECTION=@OLD_COLLATION_CONNECTION */;
